metric,cliffs_delta,cliffs_effect,ks_statistic,ks_pvalue,levene_statistic,levene_pvalue,bootstrap_ci_lower,bootstrap_ci_upper
likes,0.05032583415874462,negligible,0.06312008085973733,1.858154624894585e-11,11.515341175921625,0.0006909112444124117,-1175.3476370676672,-399.81477224301966
replies,0.13017430547721615,negligible,0.09460932959891233,3.179929796755094e-25,12.172297984095415,0.0004855668678257055,36.9204303833829,131.42665386231693
retweets,0.2337565703906755,small,0.18519011865079205,6.171695121330652e-96,44.668937554995765,2.3638857802923416e-11,267.3268869791893,419.44145168736196
